{
  "responsable": {
    "Nombre": "Juan",
    "Edad": 28,
    "Aficiones": ["Música", "Cine", "Tenis"],
    "Residencia": "Madrid"
  },
  "empleados0": "zero",
  "empleados1": "one",
  "empleados2": "two",
  "empleados3": "three",
  "empleados4": "four",
  "empleados": [{
    "Nombre": "Elena",
    "Edad": 26,
    "Aficiones": ["Música", "Cine"],
    "Residencia": "Madrid"
  }, {
    "Nombre": "Luis",
    "Edad": 31,
    "Aficiones": ["Teatro", "Cine", "Fútbol"],
    "Residencia": "Madrid"
  }]
}
